,dv,heat,year,region,country,rain,region_id
31,26.45,0.0,2004,1,CMR,-0.0988326293767794,CMR_1
32,25.86,0.0,2004,2,CMR,-0.243127686367903,CMR_2
34,21.02,0.0,2004,4,CMR,-0.150750490135627,CMR_4
35,28.54,0.0,2004,5,CMR,-0.130367051796915,CMR_5
36,34.56,0.0,2004,6,CMR,-0.500566697442122,CMR_6
37,26.09,0.0,2004,7,CMR,-0.178170312631201,CMR_7
39,27.85,0.0,2011,1,CMR,-0.173236455827094,CMR_1
40,26.68,0.0833333333333333,2011,2,CMR,-0.125935523252727,CMR_2
42,16.15,0.0833333333333333,2011,4,CMR,-0.0857648542196261,CMR_4
43,26.48,0.0833333333333333,2011,5,CMR,-0.116653651294579,CMR_5
44,33.49,0.0833333333333333,2011,6,CMR,-0.0473208061230853,CMR_6
45,27.77,0.0,2011,7,CMR,-0.0954790047481588,CMR_7
47,12.43,0.25,2018,1,CMR,-0.4612796133237,CMR_1
48,16.65,0.0,2018,2,CMR,0.0154778685321565,CMR_2
49,14.15,0.0,2018,4,CMR,-0.584462374854965,CMR_4
50,16.15,0.0,2018,5,CMR,-0.385077259191439,CMR_5
51,19.52,0.0833333333333333,2018,6,CMR,-0.0250761699574194,CMR_6
52,15.96,0.25,2018,7,CMR,-0.61866927738766,CMR_7
75,22.98,0.0,2000,1,COL,0.869957222138255,COL_1
76,27.9,0.0,2000,2,COL,0.5828466451274,COL_2
77,24.77,0.0,2000,3,COL,0.78737533708336,COL_3
78,31.37,0.0,2000,4,COL,0.742595840629737,COL_4
79,26.51,0.0,2000,5,COL,0.59845600581198,COL_5
80,21.76,0.0,2005,1,COL,0.797613735309354,COL_1
81,28.29,0.0,2005,2,COL,0.487103189727029,COL_2
82,24.89,0.0,2005,3,COL,-0.0538889947345033,COL_3
83,25.01,0.0,2005,4,COL,-0.234031835699693,COL_4
84,30.26,0.0,2005,5,COL,0.0232638269078729,COL_5
85,29.63,0.0,2005,6,COL,0.483373597490885,COL_6
86,22.69,0.583333333333333,2010,1,COL,-0.302462814206977,COL_1
87,29.22,0.25,2010,2,COL,-0.366761013701876,COL_2
88,27.0,0.416666666666667,2010,3,COL,-0.131149167721042,COL_3
89,29.47,0.416666666666667,2010,4,COL,0.0109376952403863,COL_4
90,27.22,0.25,2010,5,COL,0.133293725615622,COL_5
91,30.72,0.666666666666667,2010,6,COL,-0.363508812914906,COL_6
92,20.39,0.25,2015,1,COL,-0.591560085450909,COL_1
93,23.03,0.5,2015,2,COL,-0.58866044120443,COL_2
94,20.39,0.416666666666667,2015,3,COL,-0.583342192488002,COL_3
95,24.84,0.25,2015,4,COL,-0.424166206190748,COL_4
96,22.59,0.25,2015,5,COL,-0.356643306753633,COL_5
97,25.74,0.416666666666667,2015,6,COL,-0.15370383098315,COL_6
129,11.95,0.0,2000,1,HTI,-0.430209677381767,HTI_1
130,9.01,0.0,2000,2,HTI,-0.426866202935621,HTI_2
131,8.54,0.0,2000,3,HTI,-0.750025010069638,HTI_3
132,9.52,0.0,2000,4,HTI,-0.638551951536131,HTI_4
133,16.48,0.0,2000,5,HTI,-0.947991369505242,HTI_5
134,13.79,0.0,2000,6,HTI,-0.3601100432413,HTI_6
135,8.16,0.0,2000,7,HTI,-0.62913348919874,HTI_7
136,14.0,0.0,2000,8,HTI,-0.617033251124402,HTI_8
137,7.24,0.0,2000,9,HTI,-1.2531579754787,HTI_9
138,11.66,0.0,2006,1,HTI,0.422969924933471,HTI_1
139,7.49,0.0,2006,2,HTI,0.393506570867229,HTI_2
140,11.35,0.0,2006,3,HTI,0.548550762802129,HTI_3
141,11.47,0.0,2006,4,HTI,0.59699230966462,HTI_4
142,19.68,0.0,2006,5,HTI,0.540869603123371,HTI_5
143,9.27,0.0,2006,6,HTI,0.301387310325295,HTI_6
144,9.32,0.0833333333333333,2006,7,HTI,0.395323217602686,HTI_7
145,11.61,0.0833333333333333,2006,8,HTI,0.399131844616536,HTI_8
146,8.0,0.0,2006,9,HTI,0.553797609057112,HTI_9
147,11.19,0.0,2012,1,HTI,0.0279434407234857,HTI_1
148,7.48,0.0,2012,2,HTI,0.150970820299184,HTI_2
149,8.0,0.0,2012,3,HTI,0.0477462553115363,HTI_3
150,8.8,0.0,2012,4,HTI,0.0270292410738764,HTI_4
151,11.93,0.0,2012,5,HTI,0.119464273147645,HTI_5
152,11.96,0.0,2012,6,HTI,0.0617796677363614,HTI_6
153,7.49,0.0,2012,7,HTI,0.216393652542764,HTI_7
154,9.6,0.0,2012,8,HTI,0.156420559952607,HTI_8
155,8.1,0.0,2012,9,HTI,0.0790123435856361,HTI_9
156,12.29,0.333333333333333,2016,1,HTI,0.60025085389307,HTI_1
157,6.86,0.166666666666667,2016,2,HTI,0.389211316141514,HTI_2
158,10.86,0.25,2016,3,HTI,0.646077987875894,HTI_3
159,10.08,0.25,2016,4,HTI,0.641801272870457,HTI_4
160,10.03,0.333333333333333,2016,5,HTI,0.628580085034716,HTI_5
161,9.12,0.333333333333333,2016,6,HTI,0.680498121565617,HTI_6
162,8.3,0.166666666666667,2016,7,HTI,0.157850887416507,HTI_7
163,8.42,0.166666666666667,2016,8,HTI,0.142252067622239,HTI_8
164,8.76,0.25,2016,9,HTI,0.303649933362416,HTI_9
191,8.09,0.0,2007,1,JOR,0.0596306660246298,JOR_1
192,9.18,0.0,2007,2,JOR,0.132554455480465,JOR_2
193,9.19,0.0,2007,3,JOR,-0.129374727440712,JOR_3
194,8.13,0.0833333333333333,2012,1,JOR,-0.339162337069135,JOR_1
195,6.29,0.166666666666667,2012,2,JOR,-0.311292106103464,JOR_2
196,4.85,0.0833333333333333,2012,3,JOR,-0.135575083329428,JOR_3
197,10.27,0.0833333333333333,2017,1,JOR,-0.508471135098976,JOR_1
198,5.29,0.0833333333333333,2017,2,JOR,-0.672356880509048,JOR_2
199,6.01,0.0833333333333333,2017,3,JOR,-0.345782705749859,JOR_3
212,12.29,0.0,2000,1,KHM,0.608818526172507,KHM_1
213,16.18,0.0,2000,2,KHM,0.302096822315367,KHM_2
214,18.65,0.0,2000,3,KHM,0.585095131907353,KHM_3
215,9.85,0.0,2000,4,KHM,0.425731810030768,KHM_4
216,13.37,0.0,2000,5,KHM,0.666951614356215,KHM_5
217,19.51,0.0,2000,6,KHM,0.289856575613019,KHM_6
218,11.64,0.0,2000,7,KHM,0.484013735331454,KHM_7
219,18.41,0.0,2000,8,KHM,0.289627700539101,KHM_8
220,7.62,0.0,2000,9,KHM,0.324396455970229,KHM_9
221,33.83,0.0,2000,10,KHM,0.465601230889635,KHM_10
222,31.24,0.0,2000,11,KHM,0.635569684404388,KHM_11
223,15.41,0.0,2000,12,KHM,-0.0141319950307895,KHM_12
224,15.24,0.0,2000,13,KHM,0.195493413007619,KHM_13
225,35.26,0.0,2000,14,KHM,0.480046691833258,KHM_14
226,14.86,0.0,2000,15,KHM,0.484739766228933,KHM_15
227,15.19,0.0,2000,16,KHM,0.365717012809222,KHM_16
228,14.42,0.0,2000,18,KHM,0.388267242163797,KHM_18
229,9.49,0.0,2000,19,KHM,0.347974821883781,KHM_19
230,11.19,0.0833333333333333,2005,1,KHM,-0.316497702924301,KHM_1
231,11.25,0.0833333333333333,2005,2,KHM,-0.171255094150105,KHM_2
232,6.16,0.0833333333333333,2005,3,KHM,-0.0378211287605723,KHM_3
233,7.27,0.0,2005,4,KHM,-0.225018973665358,KHM_4
234,7.05,0.0833333333333333,2005,5,KHM,-0.092205338114776,KHM_5
235,5.89,0.0833333333333333,2005,6,KHM,0.103847705629471,KHM_6
236,4.48,0.0833333333333333,2005,7,KHM,-0.0875632003237359,KHM_7
237,4.02,0.0833333333333333,2005,8,KHM,0.111679006556854,KHM_8
238,10.58,0.0833333333333333,2005,9,KHM,0.100190002146733,KHM_9
239,10.21,0.0833333333333333,2005,10,KHM,-0.0944189713513123,KHM_10
240,8.16,0.0833333333333333,2005,11,KHM,-0.0869900662529635,KHM_11
241,1.59,0.0833333333333333,2005,12,KHM,0.132787821405914,KHM_12
242,6.43,0.0,2005,13,KHM,0.115882473658312,KHM_13
243,18.0,0.0833333333333333,2005,14,KHM,-0.143434874227129,KHM_14
244,4.25,0.0833333333333333,2005,15,KHM,-0.119776214479804,KHM_15
245,2.42,0.0,2005,16,KHM,-0.0367048561192976,KHM_16
246,10.9,0.0833333333333333,2005,18,KHM,-0.140368044834157,KHM_18
247,11.7,0.0833333333333333,2005,19,KHM,-0.141837695404,KHM_19
248,12.76,0.0,2014,1,KHM,0.231158220831408,KHM_1
249,17.04,0.0,2014,2,KHM,0.264754181539106,KHM_2
250,3.07,0.0,2014,3,KHM,0.144725049926933,KHM_3
251,6.58,0.0,2014,4,KHM,0.0112553053304128,KHM_4
252,6.73,0.0,2014,5,KHM,0.334496393429529,KHM_5
253,7.04,0.0,2014,6,KHM,0.0357443087199208,KHM_6
254,9.93,0.0,2014,7,KHM,0.646523692375339,KHM_7
255,2.39,0.0,2014,8,KHM,0.0274581139915275,KHM_8
256,4.26,0.0,2014,9,KHM,0.0430283372365271,KHM_9
257,5.74,0.0,2014,10,KHM,0.106941158019037,KHM_10
258,11.44,0.0,2014,11,KHM,0.345908740369117,KHM_11
259,3.68,0.0,2014,12,KHM,0.0268605361244613,KHM_12
260,8.48,0.0,2014,13,KHM,-0.0063435086531375,KHM_13
261,12.5,0.0,2014,14,KHM,0.308906856278203,KHM_14
262,4.87,0.0,2014,15,KHM,0.134524803199441,KHM_15
263,7.2,0.0,2014,16,KHM,0.0106944683127886,KHM_16
264,10.23,0.0,2014,18,KHM,0.672754642596573,KHM_18
265,6.66,0.0,2014,19,KHM,0.683843059097881,KHM_19
271,28.1,0.0833333333333333,2006,1,MLI,-0.225505591634112,MLI_1
272,16.46,0.0,2006,2,MLI,-0.0922967628756968,MLI_2
273,25.91,0.0833333333333333,2006,3,MLI,-0.0637722664688165,MLI_3
274,17.1,0.0,2006,4,MLI,-0.155551802247483,MLI_4
278,13.73,0.0833333333333333,2006,9,MLI,0.107560374396245,MLI_9
279,19.01,0.0833333333333333,2012,1,MLI,0.235197392135598,MLI_1
280,21.16,0.0833333333333333,2012,2,MLI,0.0162019607394825,MLI_2
281,36.98,0.0,2012,3,MLI,0.128667284391437,MLI_3
282,21.1,0.0,2012,4,MLI,0.217608646331991,MLI_4
283,21.43,0.0833333333333333,2012,9,MLI,0.0026786445178014,MLI_9
284,22.53,0.166666666666667,2018,1,MLI,-0.320420086838446,MLI_1
285,23.59,0.166666666666667,2018,2,MLI,-0.17333004961421,MLI_2
286,17.01,0.0833333333333333,2018,3,MLI,0.0254411745549003,MLI_3
287,22.87,0.0,2018,4,MLI,-0.0326297226193996,MLI_4
291,20.36,0.166666666666667,2018,9,MLI,-0.116233289594585,MLI_9
303,14.63,0.1666667,2004,1,MWI,-0.01445652,MWI_1
304,17.34,0.08333333,2004,2,MWI,0.1536573,MWI_2
305,16.56,0.0,2004,3,MWI,0.3831623,MWI_3
306,17.95,0.25,2010,1,MWI,0.1054756,MWI_1
307,12.98,0.25,2010,2,MWI,0.1120328,MWI_2
308,14.45,0.1666667,2010,3,MWI,-0.2223606,MWI_3
309,19.66,0.08333333,2015,1,MWI,-0.726257,MWI_1
310,14.59,0.1666667,2015,2,MWI,-0.4086435,MWI_2
311,16.71,0.1666667,2015,3,MWI,-0.4687817,MWI_3
325,19.99,0.0,2008,1,NGA,-0.2609603,NGA_1
326,14.6,0.0,2008,2,NGA,-0.1665594,NGA_2
327,6.42,0.0,2008,3,NGA,-0.2696624,NGA_3
328,15.63,0.0,2008,4,NGA,-0.1803446,NGA_4
329,23.85,0.0,2008,5,NGA,-0.06840548,NGA_5
330,15.13,0.0,2008,6,NGA,0.1471591,NGA_6
331,14.03,0.08333333,2013,1,NGA,-0.1005866,NGA_1
332,13.0,0.08333333,2013,2,NGA,0.6207292,NGA_2
333,3.31,0.08333333,2013,3,NGA,0.7566798,NGA_3
334,14.15,0.0,2013,4,NGA,-0.1576906,NGA_4
335,18.84,0.0,2013,5,NGA,-0.1455822,NGA_5
336,13.93,0.0,2013,6,NGA,0.007070772,NGA_6
337,19.92,0.08333333,2018,1,NGA,-0.05490964,NGA_1
338,19.39,0.0,2018,2,NGA,0.4296704,NGA_2
339,6.57,0.0,2018,3,NGA,0.2359598,NGA_3
340,16.67,0.08333333,2018,4,NGA,-0.256047,NGA_4
341,17.52,0.08333333,2018,5,NGA,-0.2399223,NGA_5
342,10.44,0.0,2018,6,NGA,0.05140388,NGA_6
349,31.08,0.0,2000,1,PER,0.490644,PER_1
350,25.8,0.0,2000,2,PER,-0.1433607,PER_2
351,38.78,0.0,2000,3,PER,-0.1251013,PER_3
352,30.16,0.0,2000,4,PER,0.1378349,PER_4
353,28.61,0.0,2000,5,PER,-0.2783499,PER_5
354,22.94,0.0,2000,6,PER,0.3203938,PER_6
355,40.86,0.0,2000,8,PER,-0.1401352,PER_8
356,21.67,0.0,2000,9,PER,-0.04232532,PER_9
357,28.0,0.0,2000,10,PER,0.005805764,PER_10
358,26.55,0.0,2000,11,PER,-0.004636306,PER_11
359,29.7,0.0,2000,12,PER,0.0256132,PER_12
360,19.26,0.0,2000,13,PER,-0.1415778,PER_13
361,22.42,0.0,2000,14,PER,0.7374808,PER_14
362,23.17,0.0,2000,15,PER,0.1516616,PER_15
363,38.72,0.0,2000,16,PER,0.2575689,PER_16
364,31.11,0.0,2000,17,PER,0.01378813,PER_17
365,26.41,0.0,2000,18,PER,-0.1384499,PER_18
366,31.58,0.0,2000,19,PER,0.1086432,PER_19
367,19.94,0.0,2000,20,PER,1.007714,PER_20
368,30.77,0.0,2000,21,PER,0.007935476,PER_21
369,36.47,0.0,2000,22,PER,-0.3144239,PER_22
370,31.18,0.0,2000,23,PER,-0.2604069,PER_23
371,28.21,0.0,2000,24,PER,0.7332967,PER_24
372,35.93,0.0,2000,25,PER,-0.1910425,PER_25
373,9.68,0.0,2004,1,PER,-0.485504,PER_1
374,8.46,0.0,2004,2,PER,-0.2628122,PER_2
375,16.53,0.0,2004,3,PER,-0.3808495,PER_3
376,10.86,0.0,2004,4,PER,-0.4968499,PER_4
377,12.78,0.0,2004,5,PER,-0.2789483,PER_5
378,6.65,0.0,2004,6,PER,0.1419227,PER_6
379,15.85,0.0,2004,8,PER,-0.2746116,PER_8
380,13.52,0.0,2004,9,PER,-0.6778089,PER_9
381,11.97,0.0,2004,10,PER,-0.3580795,PER_10
382,11.84,0.0,2004,12,PER,-0.4680029,PER_12
383,7.6,0.0,2004,13,PER,-0.2759934,PER_13
384,8.17,0.0,2004,14,PER,0.124053,PER_14
385,7.4,0.0,2004,15,PER,-0.8753293,PER_15
386,13.39,0.0,2004,16,PER,1.822265,PER_16
387,17.42,0.0,2004,17,PER,-0.1736882,PER_17
388,10.38,0.0,2004,18,PER,-0.5890428,PER_18
389,9.62,0.0,2004,20,PER,-0.2375037,PER_20
390,15.27,0.0,2004,21,PER,-0.3994101,PER_21
391,11.98,0.0,2004,22,PER,0.1740777,PER_22
392,9.87,0.0,2004,24,PER,-0.3147755,PER_24
393,13.89,0.0,2004,25,PER,0.09732936,PER_25
394,9.68,0.0,2007,1,PER,-0.485504,PER_1
395,8.46,0.0,2007,2,PER,-0.2628122,PER_2
396,16.53,0.0,2007,3,PER,-0.3808495,PER_3
397,10.86,0.0,2007,4,PER,-0.4968499,PER_4
398,12.78,0.0,2007,5,PER,-0.2789483,PER_5
399,6.65,0.0,2007,6,PER,0.1419227,PER_6
400,15.85,0.0,2007,8,PER,-0.2746116,PER_8
401,13.52,0.0,2007,9,PER,-0.6778089,PER_9
402,11.97,0.0,2007,10,PER,-0.3580795,PER_10
403,11.84,0.0,2007,12,PER,-0.4680029,PER_12
404,7.6,0.0,2007,13,PER,-0.2759934,PER_13
405,8.17,0.0,2007,14,PER,0.124053,PER_14
406,7.4,0.0,2007,15,PER,-0.8753293,PER_15
407,13.39,0.0,2007,16,PER,1.822265,PER_16
408,17.42,0.0,2007,17,PER,-0.1736882,PER_17
409,10.38,0.0,2007,18,PER,-0.5890428,PER_18
410,9.62,0.0,2007,20,PER,-0.2375037,PER_20
411,15.27,0.0,2007,21,PER,-0.3994101,PER_21
412,11.98,0.0,2007,22,PER,0.1740777,PER_22
413,9.87,0.0,2007,24,PER,-0.3147755,PER_24
414,13.89,0.0,2007,25,PER,0.09732936,PER_25
415,14.6,0.0,2009,1,PER,0.6550113,PER_1
416,10.83,0.0,2009,2,PER,0.3739811,PER_2
417,15.75,0.0,2009,3,PER,-0.5076045,PER_3
418,12.14,0.0,2009,4,PER,-0.3657429,PER_4
419,12.7,0.0,2009,5,PER,-0.4283661,PER_5
420,8.55,0.0,2009,6,PER,0.7247445,PER_6
421,14.59,0.0,2009,8,PER,-0.3982188,PER_8
422,10.29,0.0,2009,9,PER,-0.4318576,PER_9
423,8.04,0.0,2009,10,PER,-0.07963422,PER_10
424,11.02,0.0,2009,11,PER,-0.2904485,PER_11
425,14.05,0.0,2009,12,PER,-0.2999927,PER_12
426,4.27,0.0,2009,13,PER,0.5809008,PER_13
427,8.84,0.0,2009,14,PER,0.7663967,PER_14
428,8.29,0.0,2009,15,PER,-0.3667614,PER_15
429,13.14,0.0,2009,16,PER,0.06085969,PER_16
430,16.54,0.0,2009,17,PER,0.2304657,PER_17
431,14.93,0.0,2009,18,PER,-0.4178939,PER_18
432,11.17,0.0,2009,19,PER,-0.2568827,PER_19
433,7.1,0.0,2009,20,PER,0.613846,PER_20
434,11.65,0.0,2009,21,PER,-0.3736725,PER_21
435,14.35,0.0,2009,22,PER,0.1626733,PER_22
436,13.42,0.0,2009,23,PER,-0.4944853,PER_23
437,10.31,0.0,2009,24,PER,0.3704873,PER_24
438,12.2,0.0,2009,25,PER,-0.04745139,PER_25
439,10.21,0.0,2010,1,PER,0.2501121,PER_1
440,9.38,0.0,2010,2,PER,-0.4950183,PER_2
441,14.37,0.0,2010,3,PER,-0.5407308,PER_3
442,8.83,0.0,2010,4,PER,-0.6313385,PER_4
443,9.05,0.0,2010,5,PER,-0.2593453,PER_5
444,7.29,0.0,2010,6,PER,0.1071076,PER_6
445,17.38,0.0,2010,8,PER,-0.3668968,PER_8
446,8.85,0.0,2010,9,PER,0.03347689,PER_9
447,6.42,0.0,2010,10,PER,-0.5082553,PER_10
448,12.47,0.0,2010,11,PER,0.3216139,PER_11
449,11.58,0.0,2010,12,PER,0.03215287,PER_12
450,4.21,0.0,2010,13,PER,-0.3550552,PER_13
451,7.82,0.0,2010,14,PER,0.1527394,PER_14
452,8.3,0.0,2010,15,PER,-0.07560865,PER_15
453,13.04,0.1666667,2010,16,PER,-0.561678,PER_16
454,14.16,0.0,2010,17,PER,0.4508265,PER_17
455,11.34,0.0,2010,18,PER,-0.6902122,PER_18
456,12.98,0.0,2010,19,PER,-0.3185401,PER_19
457,9.72,0.0,2010,20,PER,0.4161015,PER_20
458,11.14,0.0,2010,21,PER,-0.4465487,PER_21
459,10.83,0.0,2010,22,PER,-0.5164113,PER_22
460,9.74,0.0,2010,23,PER,-0.681061,PER_23
461,12.41,0.0,2010,24,PER,0.4889648,PER_24
462,10.93,0.0,2010,25,PER,-0.482156,PER_25
463,8.86,0.0,2011,1,PER,0.1777078,PER_1
464,8.19,0.0,2011,2,PER,-0.2285135,PER_2
465,13.2,0.0,2011,3,PER,-0.1224936,PER_3
466,7.47,0.0,2011,4,PER,-0.2304649,PER_4
467,11.24,0.0,2011,5,PER,-0.04281843,PER_5
468,6.17,0.0,2011,6,PER,0.1710095,PER_6
469,16.2,0.0,2011,8,PER,0.1214057,PER_8
470,6.86,0.0,2011,9,PER,-0.1073926,PER_9
471,7.54,0.0,2011,10,PER,-0.03696456,PER_10
472,11.98,0.0,2011,11,PER,-0.01856125,PER_11
473,14.4,0.0,2011,12,PER,-0.0197157,PER_12
474,4.4,0.0,2011,13,PER,-0.01465513,PER_13
475,5.85,0.0,2011,14,PER,0.1665052,PER_14
476,8.4,0.0,2011,15,PER,-0.2906089,PER_15
477,14.55,0.0,2011,16,PER,-1.018319,PER_16
478,13.91,0.0,2011,17,PER,0.2115257,PER_17
479,9.84,0.0,2011,18,PER,-0.2308451,PER_18
480,10.42,0.0,2011,19,PER,-0.1393875,PER_19
481,10.48,0.0,2011,20,PER,0.2236343,PER_20
482,12.59,0.0,2011,21,PER,-0.03327346,PER_21
483,9.38,0.0,2011,22,PER,-0.04591045,PER_22
484,9.85,0.0,2011,23,PER,-0.229142,PER_23
485,11.3,0.0,2011,24,PER,0.1292985,PER_24
486,7.88,0.0,2011,25,PER,-0.08243923,PER_25
487,11.27,0.0,2012,1,PER,0.7153535,PER_1
488,8.24,0.0,2012,2,PER,-0.4917676,PER_2
489,15.76,0.0,2012,3,PER,-0.1959353,PER_3
490,6.96,0.0,2012,4,PER,-0.1631293,PER_4
491,11.84,0.0,2012,5,PER,-0.4109784,PER_5
492,8.22,0.0,2012,6,PER,0.3720492,PER_6
493,16.57,0.0,2012,8,PER,-0.1578844,PER_8
494,8.35,0.0,2012,9,PER,-0.6696374,PER_9
495,6.86,0.0,2012,10,PER,-0.1086854,PER_10
496,11.6,0.0,2012,11,PER,-0.5522783,PER_11
497,9.32,0.0,2012,12,PER,-0.4876887,PER_12
498,3.13,0.0,2012,13,PER,-0.2174958,PER_13
499,7.35,0.0,2012,14,PER,0.4310743,PER_14
500,8.14,0.0,2012,15,PER,-0.8125939,PER_15
501,12.26,0.0,2012,16,PER,-0.4018864,PER_16
502,14.78,0.0,2012,17,PER,-0.3263272,PER_17
503,8.83,0.0,2012,18,PER,0.110904,PER_18
504,7.85,0.0,2012,19,PER,-0.3414331,PER_19
505,8.33,0.0,2012,20,PER,0.7950945,PER_20
506,11.71,0.0,2012,21,PER,0.05969516,PER_21
507,11.57,0.0,2012,22,PER,0.1707432,PER_22
508,9.88,0.0,2012,23,PER,0.007301332,PER_23
509,10.87,0.0,2012,24,PER,0.7530677,PER_24
510,8.26,0.0,2012,25,PER,0.2018486,PER_25
511,5.54,0.0,2008,1,PHL,0.5222531,PHL_1
512,5.19,0.0,2008,2,PHL,0.6571514,PHL_2
513,4.98,0.0,2008,3,PHL,0.6500344,PHL_3
514,7.42,0.0,2008,4,PHL,0.7778867,PHL_4
515,4.55,0.0,2008,5,PHL,1.110951,PHL_5
516,5.15,0.0,2008,6,PHL,0.7758854,PHL_6
517,12.2,0.0,2008,7,PHL,0.3836307,PHL_7
518,6.24,0.0,2008,8,PHL,1.131355,PHL_8
519,6.62,0.0,2008,9,PHL,1.219911,PHL_9
520,10.27,0.0,2008,10,PHL,1.196724,PHL_10
521,9.16,0.0,2008,11,PHL,1.22546,PHL_11
522,10.45,0.0,2008,12,PHL,0.9414344,PHL_12
523,10.58,0.0,2008,13,PHL,1.030049,PHL_13
524,10.28,0.0,2008,14,PHL,0.7827767,PHL_14
525,7.23,0.0,2008,15,PHL,0.667917,PHL_15
526,10.57,0.0,2008,16,PHL,0.882116,PHL_16
527,8.08,0.0,2008,17,PHL,1.09575,PHL_17
528,5.84,0.08333333,2013,1,PHL,-0.02874963,PHL_1
529,10.04,0.0,2013,2,PHL,-0.07134721,PHL_2
530,4.33,0.0,2013,3,PHL,-0.03464137,PHL_3
531,4.21,0.1666667,2013,4,PHL,-0.06820927,PHL_4
532,7.7,0.1666667,2013,5,PHL,0.2807076,PHL_5
533,3.94,0.1666667,2013,6,PHL,-0.07923322,PHL_6
534,6.84,0.08333333,2013,7,PHL,-0.01895408,PHL_7
535,9.59,0.08333333,2013,8,PHL,0.3693819,PHL_8
536,5.7,0.0,2013,9,PHL,0.5513279,PHL_9
537,7.36,0.0,2013,10,PHL,0.6456083,PHL_10
538,5.84,0.0,2013,11,PHL,0.7888294,PHL_11
539,8.14,0.0,2013,12,PHL,0.4334789,PHL_12
540,6.94,0.0,2013,13,PHL,0.6535558,PHL_13
541,5.32,0.0,2013,14,PHL,0.4360997,PHL_14
542,4.34,0.08333333,2013,15,PHL,-0.02493287,PHL_15
543,7.44,0.0,2013,16,PHL,0.5627573,PHL_16
544,2.67,0.0,2013,17,PHL,0.5920661,PHL_17
545,3.42,0.3333333,2017,1,PHL,0.4051411,PHL_1
546,7.34,0.3333333,2017,2,PHL,0.5676164,PHL_2
547,2.82,0.08333333,2017,3,PHL,0.5154501,PHL_3
548,2.04,0.0,2017,4,PHL,0.471498,PHL_4
549,9.49,0.0,2017,5,PHL,0.6591221,PHL_5
550,3.29,0.0,2017,6,PHL,0.4638758,PHL_6
551,5.02,0.0,2017,7,PHL,0.2365542,PHL_7
552,6.99,0.0,2017,8,PHL,0.8264966,PHL_8
553,5.62,0.0,2017,9,PHL,0.7495787,PHL_9
554,4.23,0.0,2017,10,PHL,1.081102,PHL_10
555,7.29,0.0,2017,11,PHL,0.9532179,PHL_11
556,4.46,0.0,2017,12,PHL,0.8864069,PHL_12
557,3.52,0.0,2017,13,PHL,1.023499,PHL_13
558,6.12,0.0,2017,14,PHL,0.932213,PHL_14
559,4.45,0.3333333,2017,15,PHL,0.4751783,PHL_15
560,13.92,0.0,2017,16,PHL,1.13104,PHL_16
561,1.6,0.0,2017,17,PHL,0.9856797,PHL_17
570,7.84,0.08333333,2017,1,SEN,-0.2301065,SEN_1
571,7.84,0.3333333,2017,2,SEN,-0.3611253,SEN_2
572,12.05,0.25,2017,3,SEN,-0.054158,SEN_3
573,12.57,0.5,2017,4,SEN,-0.2799949,SEN_4
574,5.9,0.1666667,2018,1,SEN,-0.5813082,SEN_1
575,4.47,0.1666667,2018,2,SEN,-0.673048,SEN_2
576,7.04,0.25,2018,3,SEN,-0.6846478,SEN_3
577,4.1,0.1666667,2018,4,SEN,-0.5831385,SEN_4
578,6.3,0.0,2019,1,SEN,-0.1292041,SEN_1
579,3.35,0.08333333,2019,2,SEN,-0.07426874,SEN_2
580,5.24,0.1666667,2019,3,SEN,-0.09601607,SEN_3
581,7.44,0.1666667,2019,4,SEN,-0.1250688,SEN_4
669,26.17,0.1666667,2006,1,UGA,-0.1492273,UGA_1
670,42.46,0.08333333,2006,2,UGA,-0.384705,UGA_2
671,36.3,0.25,2006,3,UGA,-0.3250981,UGA_3
672,34.37,0.3333333,2006,4,UGA,-0.09971955,UGA_4
673,21.24,0.0,2011,1,UGA,0.1160227,UGA_1
674,29.25,0.0,2011,2,UGA,-0.1392273,UGA_2
675,33.28,0.5,2011,3,UGA,0.01252018,UGA_3
676,28.45,0.4166667,2011,4,UGA,0.05995776,UGA_4
677,16.57,0.0,2016,1,UGA,0.9412286,UGA_1
678,24.01,0.0,2016,2,UGA,0.5776765,UGA_2
679,25.93,0.0,2016,3,UGA,0.05154749,UGA_3
680,23.08,0.0,2016,4,UGA,0.2407891,UGA_4
685,24.53,0.0,2007,1,ZMB,0.1485016,ZMB_1
686,43.65,0.0,2007,2,ZMB,0.2290492,ZMB_2
687,25.62,0.0,2007,3,ZMB,0.149609,ZMB_3
688,46.36,0.0,2007,4,ZMB,0.239224,ZMB_4
689,32.68,0.0,2007,5,ZMB,-0.1425979,ZMB_5
690,32.62,0.0,2007,7,ZMB,0.2427465,ZMB_7
691,31.13,0.0,2007,8,ZMB,-0.09384518,ZMB_8
692,27.43,0.0,2007,9,ZMB,0.1470741,ZMB_9
693,17.25,0.0,2013,1,ZMB,0.1960055,ZMB_1
694,19.55,0.0,2013,2,ZMB,0.01687118,ZMB_2
695,18.16,0.0,2013,3,ZMB,-0.03625124,ZMB_3
696,24.33,0.0,2013,4,ZMB,0.1052076,ZMB_4
697,16.83,0.0,2013,5,ZMB,0.007442875,ZMB_5
698,14.39,0.0,2013,7,ZMB,0.1068105,ZMB_7
699,18.42,0.0,2013,8,ZMB,0.1135902,ZMB_8
700,16.79,0.0,2013,9,ZMB,0.140875,ZMB_9
701,11.44,0.0,2018,1,ZMB,0.738275,ZMB_1
702,20.86,0.0,2018,2,ZMB,0.819517,ZMB_2
703,19.59,0.08333333,2018,3,ZMB,0.3225574,ZMB_3
704,19.64,0.0,2018,4,ZMB,0.5343072,ZMB_4
705,14.01,0.08333333,2018,5,ZMB,0.5761406,ZMB_5
706,8.33,0.0,2018,7,ZMB,0.4132315,ZMB_7
707,24.32,0.0,2018,8,ZMB,0.02943471,ZMB_8
708,14.41,0.0,2018,9,ZMB,0.09005215,ZMB_9
709,14.79,0.4166667,2005,1,ZWE,-0.5808891,ZWE_1
711,25.36,0.4166667,2005,3,ZWE,-0.3796416,ZWE_3
712,19.94,0.4166667,2005,4,ZWE,-0.361878,ZWE_4
714,11.74,0.3333333,2005,6,ZWE,-0.5648508,ZWE_6
715,23.68,0.4166667,2005,7,ZWE,-0.4347378,ZWE_7
716,15.62,0.3333333,2005,8,ZWE,-0.5969402,ZWE_8
717,13.84,0.4166667,2005,9,ZWE,-0.3799808,ZWE_9
719,21.41,0.08333333,2010,1,ZWE,-0.03167921,ZWE_1
720,18.07,0.1666667,2010,3,ZWE,-0.1304178,ZWE_3
721,19.8,0.25,2010,4,ZWE,-0.02383252,ZWE_4
722,13.07,0.08333333,2010,6,ZWE,0.05596502,ZWE_6
723,15.7,0.08333333,2010,7,ZWE,0.01705336,ZWE_7
724,20.17,0.0,2010,8,ZWE,0.04427582,ZWE_8
725,21.06,0.1666667,2010,9,ZWE,-0.1285272,ZWE_9
726,16.8,0.08333333,2015,1,ZWE,-0.5171648,ZWE_1
728,16.37,0.08333333,2015,3,ZWE,-0.4233947,ZWE_3
729,13.03,0.08333333,2015,4,ZWE,-0.4150827,ZWE_4
731,10.7,0.08333333,2015,6,ZWE,-0.2204304,ZWE_6
732,14.72,0.08333333,2015,7,ZWE,-0.3576299,ZWE_7
733,14.01,0.08333333,2015,8,ZWE,-0.3190697,ZWE_8
734,15.1,0.08333333,2015,9,ZWE,-0.4119438,ZWE_9
