dv,heat,year,region,country,rain,region_id
13.57,0.0,2016,1,ARM,0.343300743132489,ARM_1
3.49,0.0,2016,2,ARM,0.376713992937378,ARM_2
0.69,0.0,2016,3,ARM,0.368674292706673,ARM_3
1.1,0.0,2016,4,ARM,0.398514765774687,ARM_4
4.79,0.0,2016,5,ARM,0.342746158361001,ARM_5
1.12,0.0,2016,6,ARM,0.348303313931719,ARM_6
2.37,0.0,2016,7,ARM,0.296256379715469,ARM_7
0.0,0.0833333333333333,2016,8,ARM,0.342912450932337,ARM_8
1.34,0.0,2016,9,ARM,0.399476575312296,ARM_9
0.71,0.0,2016,10,ARM,0.404976408351155,ARM_10
1.98,0.0,2016,11,ARM,0.45134819916778,ARM_11
17.21,0.0,2010,1,BFA,0.221987840803808,BFA_1
13.32,0.0833333333333333,2010,2,BFA,0.0066341186187976,BFA_2
12.71,0.0,2010,3,BFA,-0.0593699581912883,BFA_3
3.77,0.0,2010,4,BFA,-0.0604343618545084,BFA_4
2.0,0.0,2010,5,BFA,0.0047596474307613,BFA_5
7.7,0.0,2010,6,BFA,-0.0837083118991578,BFA_6
9.56,0.0,2010,7,BFA,-0.142262143718594,BFA_7
7.41,0.0,2010,8,BFA,-0.0579622262009931,BFA_8
10.22,0.0833333333333333,2010,9,BFA,0.144812283310557,BFA_9
3.57,0.0,2010,10,BFA,0.265947493661202,BFA_10
7.68,0.0,2010,11,BFA,-0.0022777679895695,BFA_11
5.93,0.0,2010,12,BFA,-0.0547851964092426,BFA_12
19.3,0.0833333333333333,2010,13,BFA,-0.0804579659678739,BFA_13
12.36,0.0833333333333333,2012,1,CIV,-0.163620448210769,CIV_1
16.73,0.0833333333333333,2012,2,CIV,-0.203168562981059,CIV_2
9.1,0.0833333333333333,2012,3,CIV,-0.345174028727893,CIV_3
10.02,0.0,2012,4,CIV,-0.238107967903984,CIV_4
23.06,0.0833333333333333,2012,6,CIV,0.041828249060825,CIV_6
17.89,0.166666666666667,2012,7,CIV,-0.0352523264171894,CIV_7
32.49,0.0,2012,9,CIV,-0.242311993843173,CIV_9
26.45,0.0,2004,1,CMR,-0.0988326293767794,CMR_1
25.86,0.0,2004,2,CMR,-0.243127686367903,CMR_2
33.6,0.0,2004,3,CMR,0.0169629545080288,CMR_3
21.02,0.0,2004,4,CMR,-0.150750490135627,CMR_4
28.54,0.0,2004,5,CMR,-0.130367051796915,CMR_5
34.56,0.0,2004,6,CMR,-0.500566697442122,CMR_6
26.09,0.0,2004,7,CMR,-0.178170312631201,CMR_7
32.75,0.0,2004,8,CMR,-0.264992981152699,CMR_8
27.85,0.0,2011,1,CMR,-0.173236455827094,CMR_1
26.68,0.0833333333333333,2011,2,CMR,-0.125935523252727,CMR_2
36.82,0.0,2011,3,CMR,-0.180691300343899,CMR_3
16.15,0.0833333333333333,2011,4,CMR,-0.0857648542196261,CMR_4
26.48,0.0833333333333333,2011,5,CMR,-0.116653651294579,CMR_5
33.49,0.0833333333333333,2011,6,CMR,-0.0473208061230853,CMR_6
27.77,0.0,2011,7,CMR,-0.0954790047481588,CMR_7
30.08,0.0,2011,8,CMR,-0.170847821243572,CMR_8
12.43,0.25,2018,1,CMR,-0.4612796133237,CMR_1
16.65,0.0,2018,2,CMR,0.0154778685321565,CMR_2
14.15,0.0,2018,4,CMR,-0.584462374854965,CMR_4
16.15,0.0,2018,5,CMR,-0.385077259191439,CMR_5
19.52,0.0833333333333333,2018,6,CMR,-0.0250761699574194,CMR_6
15.96,0.25,2018,7,CMR,-0.61866927738766,CMR_7
33.11,0.0833333333333333,2007,1,COD,0.24429163782515,COD_1
55.78,0.0,2007,2,COD,0.48386771398708,COD_2
37.98,0.0833333333333333,2007,3,COD,0.617785611261444,COD_3
66.91,0.0,2007,4,COD,-0.439564298073345,COD_4
59.98,0.0,2007,5,COD,0.0256300360664141,COD_5
49.19,0.0,2007,6,COD,0.0914782844869061,COD_6
48.54,0.0,2007,7,COD,0.298132280715524,COD_7
53.73,0.0833333333333333,2007,8,COD,0.0515514614620583,COD_8
40.05,0.25,2007,9,COD,0.158066101754941,COD_9
42.83,0.5,2007,10,COD,0.0018108774939272,COD_10
41.91,0.166666666666667,2007,11,COD,0.147596733022707,COD_11
20.69,0.0,2013,1,COD,0.161609638779635,COD_1
28.61,0.0833333333333333,2013,2,COD,0.110152047852887,COD_2
21.54,0.0,2013,3,COD,0.0807240766925836,COD_3
34.15,0.0833333333333333,2013,4,COD,-0.164217217137199,COD_4
35.4,0.0833333333333333,2013,5,COD,0.105506434353822,COD_5
30.81,0.0,2013,6,COD,0.0682049370400911,COD_6
27.51,0.0,2013,7,COD,0.0468001551656352,COD_7
31.54,0.0,2013,8,COD,0.0710049779861589,COD_8
11.36,0.0,2013,9,COD,0.084564364241111,COD_9
25.97,0.0,2013,10,COD,0.0031748071405114,COD_10
31.11,0.0833333333333333,2013,11,COD,-0.0391319330144697,COD_11
22.98,0.0,2000,1,COL,0.869957222138255,COL_1
27.9,0.0,2000,2,COL,0.5828466451274,COL_2
24.77,0.0,2000,3,COL,0.78737533708336,COL_3
31.37,0.0,2000,4,COL,0.742595840629737,COL_4
26.51,0.0,2000,5,COL,0.59845600581198,COL_5
21.76,0.0,2005,1,COL,0.797613735309354,COL_1
28.29,0.0,2005,2,COL,0.487103189727029,COL_2
24.89,0.0,2005,3,COL,-0.0538889947345033,COL_3
25.01,0.0,2005,4,COL,-0.234031835699693,COL_4
30.26,0.0,2005,5,COL,0.0232638269078729,COL_5
29.63,0.0,2005,6,COL,0.483373597490885,COL_6
22.69,0.583333333333333,2010,1,COL,-0.302462814206977,COL_1
29.22,0.25,2010,2,COL,-0.366761013701876,COL_2
27.0,0.416666666666667,2010,3,COL,-0.131149167721042,COL_3
29.47,0.416666666666667,2010,4,COL,0.0109376952403863,COL_4
27.22,0.25,2010,5,COL,0.133293725615622,COL_5
30.72,0.666666666666667,2010,6,COL,-0.363508812914906,COL_6
20.39,0.25,2015,1,COL,-0.591560085450909,COL_1
23.03,0.5,2015,2,COL,-0.58866044120443,COL_2
20.39,0.416666666666667,2015,3,COL,-0.583342192488002,COL_3
24.84,0.25,2015,4,COL,-0.424166206190748,COL_4
22.59,0.25,2015,5,COL,-0.356643306753633,COL_5
25.74,0.416666666666667,2015,6,COL,-0.15370383098315,COL_6
10.81,0.0,2016,1,ETH,-0.112252567961702,ETH_1
6.03,0.0,2016,2,ETH,-0.323572243004636,ETH_2
13.44,0.0,2016,3,ETH,-0.305298494740146,ETH_3
20.19,0.0,2016,4,ETH,-0.267412633497951,ETH_4
4.55,0.0,2016,5,ETH,0.0853508851955599,ETH_5
12.49,0.0,2016,6,ETH,0.0934284145270015,ETH_6
11.41,0.0833333333333333,2016,7,ETH,-0.280616163011089,ETH_7
18.88,0.166666666666667,2016,8,ETH,-0.447621876565901,ETH_8
10.17,0.0,2016,10,ETH,-0.361065507629303,ETH_10
11.05,0.0,2016,11,ETH,-0.224276781377321,ETH_11
5.47,0.166666666666667,2015,1,GTM,-0.317382945665759,GTM_1
7.64,0.166666666666667,2015,2,GTM,-0.035493970488219,GTM_2
6.15,0.0833333333333333,2015,3,GTM,-0.0126998053681808,GTM_3
7.42,0.166666666666667,2015,4,GTM,-0.0022258381729622,GTM_4
8.24,0.166666666666667,2015,6,GTM,0.10607529116277,GTM_6
4.05,0.166666666666667,2015,7,GTM,-0.102868367972825,GTM_7
5.12,0.166666666666667,2015,8,GTM,-0.0316651679311993,GTM_8
8.75,0.0,2011,1,HND,0.12496693917725,HND_1
8.74,0.0,2011,2,HND,-0.0975081092302156,HND_2
9.44,0.0833333333333333,2011,3,HND,0.212255696982453,HND_3
9.25,0.0833333333333333,2011,5,HND,0.0637198871435604,HND_5
5.73,0.0,2011,6,HND,-0.284675651650407,HND_6
8.77,0.0,2011,7,HND,-0.295489921843946,HND_7
8.98,0.0,2011,8,HND,0.0241432659428838,HND_8
7.51,0.0,2011,10,HND,0.0448959415627419,HND_10
8.61,0.0833333333333333,2011,12,HND,-0.211378988811488,HND_12
7.48,0.0833333333333333,2011,13,HND,-0.171490214230336,HND_13
8.42,0.0833333333333333,2011,14,HND,0.202174455905651,HND_14
9.36,0.0,2011,15,HND,0.0056001711151848,HND_15
6.49,0.0,2011,17,HND,-0.0611323902676598,HND_17
9.78,0.0,2011,18,HND,0.189808654802976,HND_18
11.95,0.0,2000,1,HTI,-0.430209677381767,HTI_1
9.01,0.0,2000,2,HTI,-0.426866202935621,HTI_2
8.54,0.0,2000,3,HTI,-0.750025010069638,HTI_3
9.52,0.0,2000,4,HTI,-0.638551951536131,HTI_4
16.48,0.0,2000,5,HTI,-0.947991369505242,HTI_5
13.79,0.0,2000,6,HTI,-0.3601100432413,HTI_6
8.16,0.0,2000,7,HTI,-0.62913348919874,HTI_7
14.0,0.0,2000,8,HTI,-0.617033251124402,HTI_8
7.24,0.0,2000,9,HTI,-1.2531579754787,HTI_9
11.66,0.0,2006,1,HTI,0.422969924933471,HTI_1
7.49,0.0,2006,2,HTI,0.393506570867229,HTI_2
11.35,0.0,2006,3,HTI,0.548550762802129,HTI_3
11.47,0.0,2006,4,HTI,0.59699230966462,HTI_4
19.68,0.0,2006,5,HTI,0.540869603123371,HTI_5
9.27,0.0,2006,6,HTI,0.301387310325295,HTI_6
9.32,0.0833333333333333,2006,7,HTI,0.395323217602686,HTI_7
11.61,0.0833333333333333,2006,8,HTI,0.399131844616536,HTI_8
8.0,0.0,2006,9,HTI,0.553797609057112,HTI_9
11.19,0.0,2012,1,HTI,0.0279434407234857,HTI_1
7.48,0.0,2012,2,HTI,0.150970820299184,HTI_2
8.0,0.0,2012,3,HTI,0.0477462553115363,HTI_3
8.8,0.0,2012,4,HTI,0.0270292410738764,HTI_4
11.93,0.0,2012,5,HTI,0.119464273147645,HTI_5
11.96,0.0,2012,6,HTI,0.0617796677363614,HTI_6
7.49,0.0,2012,7,HTI,0.216393652542764,HTI_7
9.6,0.0,2012,8,HTI,0.156420559952607,HTI_8
8.1,0.0,2012,9,HTI,0.0790123435856361,HTI_9
12.29,0.333333333333333,2016,1,HTI,0.60025085389307,HTI_1
6.86,0.166666666666667,2016,2,HTI,0.389211316141514,HTI_2
10.86,0.25,2016,3,HTI,0.646077987875894,HTI_3
10.08,0.25,2016,4,HTI,0.641801272870457,HTI_4
10.03,0.333333333333333,2016,5,HTI,0.628580085034716,HTI_5
9.12,0.333333333333333,2016,6,HTI,0.680498121565617,HTI_6
8.3,0.166666666666667,2016,7,HTI,0.157850887416507,HTI_7
8.42,0.166666666666667,2016,8,HTI,0.142252067622239,HTI_8
8.76,0.25,2016,9,HTI,0.303649933362416,HTI_9
24.69,0.0,2006,2,IND,0.209292354211618,IND_2
21.91,0.166666666666667,2006,3,IND,-0.258701275143626,IND_3
34.89,0.25,2006,4,IND,-0.106854984847421,IND_4
8.41,0.0,2006,5,IND,0.920050067447774,IND_5
13.46,0.0833333333333333,2006,6,IND,-0.0622953099069742,IND_6
17.71,0.0833333333333333,2006,7,IND,-0.265694345667429,IND_7
4.27,0.0833333333333333,2006,8,IND,-0.291845508241461,IND_8
6.86,0.0833333333333333,2006,9,IND,-0.117220842988242,IND_9
12.28,0.0,2006,10,IND,0.520109717125683,IND_10
9.93,0.0833333333333333,2006,11,IND,-0.036954879546716,IND_11
24.84,0.0833333333333333,2006,12,IND,0.008246303497209,IND_12
16.62,0.0,2006,13,IND,0.136131220077325,IND_13
20.84,0.166666666666667,2006,14,IND,-0.580680926206127,IND_14
11.37,0.166666666666667,2006,15,IND,-0.61459566948079,IND_15
13.08,0.0833333333333333,2006,16,IND,-0.448740004724101,IND_16
8.27,0.25,2006,17,IND,-0.33164554038759,IND_17
16.63,0.0833333333333333,2006,18,IND,0.0168884236801451,IND_18
17.24,0.0,2006,19,IND,-0.171217644476445,IND_19
21.46,0.0833333333333333,2006,20,IND,-0.331791633598369,IND_20
8.15,0.166666666666667,2006,21,IND,0.0088288855145373,IND_21
19.81,0.0833333333333333,2006,22,IND,0.222470221324197,IND_22
20.31,0.166666666666667,2006,23,IND,-0.298464019947893,IND_23
18.9,0.166666666666667,2006,24,IND,-0.681823376727015,IND_24
10.86,0.0833333333333333,2006,30,IND,-0.444054798889076,IND_30
26.49,0.25,2006,34,IND,0.138145843332689,IND_34
28.87,0.0833333333333333,2006,35,IND,-0.619383680609162,IND_35
8.09,0.0,2007,1,JOR,0.0596306660246298,JOR_1
9.18,0.0,2007,2,JOR,0.132554455480465,JOR_2
9.19,0.0,2007,3,JOR,-0.129374727440712,JOR_3
8.13,0.0833333333333333,2012,1,JOR,-0.339162337069135,JOR_1
6.29,0.166666666666667,2012,2,JOR,-0.311292106103464,JOR_2
4.85,0.0833333333333333,2012,3,JOR,-0.135575083329428,JOR_3
10.27,0.0833333333333333,2017,1,JOR,-0.508471135098976,JOR_1
5.29,0.0833333333333333,2017,2,JOR,-0.672356880509048,JOR_2
6.01,0.0833333333333333,2017,3,JOR,-0.345782705749859,JOR_3
16.8,0.0,2003,1,KEN,0.227602251665142,KEN_1
23.43,0.0,2003,2,KEN,0.159557094501827,KEN_2
15.14,0.0833333333333333,2003,3,KEN,0.478086426042961,KEN_3
19.78,0.0,2003,4,KEN,0.299033260393843,KEN_4
35.17,0.0,2003,5,KEN,-0.012376085127657,KEN_5
26.22,0.0,2003,6,KEN,-0.0470299251749677,KEN_6
41.8,0.0,2003,7,KEN,0.0166328458861369,KEN_7
23.54,0.0,2003,8,KEN,0.316234666496908,KEN_8
15.36,0.0833333333333333,2008,1,KEN,-0.211107275200423,KEN_1
18.0,0.0,2008,3,KEN,-0.37547245008659,KEN_3
28.03,0.0833333333333333,2008,7,KEN,0.18895878908281,KEN_7
22.87,0.0833333333333333,2008,8,KEN,-0.27207111024699,KEN_8
12.29,0.0,2000,1,KHM,0.608818526172507,KHM_1
16.18,0.0,2000,2,KHM,0.302096822315367,KHM_2
18.65,0.0,2000,3,KHM,0.585095131907353,KHM_3
9.85,0.0,2000,4,KHM,0.425731810030768,KHM_4
13.37,0.0,2000,5,KHM,0.666951614356215,KHM_5
19.51,0.0,2000,6,KHM,0.289856575613019,KHM_6
11.64,0.0,2000,7,KHM,0.484013735331454,KHM_7
18.41,0.0,2000,8,KHM,0.289627700539101,KHM_8
7.62,0.0,2000,9,KHM,0.324396455970229,KHM_9
33.83,0.0,2000,10,KHM,0.465601230889635,KHM_10
31.24,0.0,2000,11,KHM,0.635569684404388,KHM_11
15.41,0.0,2000,12,KHM,-0.0141319950307895,KHM_12
15.24,0.0,2000,13,KHM,0.195493413007619,KHM_13
35.26,0.0,2000,14,KHM,0.480046691833258,KHM_14
14.86,0.0,2000,15,KHM,0.484739766228933,KHM_15
15.19,0.0,2000,16,KHM,0.365717012809222,KHM_16
14.42,0.0,2000,18,KHM,0.388267242163797,KHM_18
9.49,0.0,2000,19,KHM,0.347974821883781,KHM_19
11.19,0.0833333333333333,2005,1,KHM,-0.316497702924301,KHM_1
11.25,0.0833333333333333,2005,2,KHM,-0.171255094150105,KHM_2
6.16,0.0833333333333333,2005,3,KHM,-0.0378211287605723,KHM_3
7.27,0.0,2005,4,KHM,-0.225018973665358,KHM_4
7.05,0.0833333333333333,2005,5,KHM,-0.092205338114776,KHM_5
5.89,0.0833333333333333,2005,6,KHM,0.103847705629471,KHM_6
4.48,0.0833333333333333,2005,7,KHM,-0.0875632003237359,KHM_7
4.02,0.0833333333333333,2005,8,KHM,0.111679006556854,KHM_8
10.58,0.0833333333333333,2005,9,KHM,0.100190002146733,KHM_9
10.21,0.0833333333333333,2005,10,KHM,-0.0944189713513123,KHM_10
8.16,0.0833333333333333,2005,11,KHM,-0.0869900662529635,KHM_11
1.59,0.0833333333333333,2005,12,KHM,0.132787821405914,KHM_12
6.43,0.0,2005,13,KHM,0.115882473658312,KHM_13
18.0,0.0833333333333333,2005,14,KHM,-0.143434874227129,KHM_14
4.25,0.0833333333333333,2005,15,KHM,-0.119776214479804,KHM_15
2.42,0.0,2005,16,KHM,-0.0367048561192976,KHM_16
10.9,0.0833333333333333,2005,18,KHM,-0.140368044834157,KHM_18
11.7,0.0833333333333333,2005,19,KHM,-0.141837695404,KHM_19
12.76,0.0,2014,1,KHM,0.231158220831408,KHM_1
17.04,0.0,2014,2,KHM,0.264754181539106,KHM_2
3.07,0.0,2014,3,KHM,0.144725049926933,KHM_3
6.58,0.0,2014,4,KHM,0.0112553053304128,KHM_4
6.73,0.0,2014,5,KHM,0.334496393429529,KHM_5
7.04,0.0,2014,6,KHM,0.0357443087199208,KHM_6
9.93,0.0,2014,7,KHM,0.646523692375339,KHM_7
2.39,0.0,2014,8,KHM,0.0274581139915275,KHM_8
4.26,0.0,2014,9,KHM,0.0430283372365271,KHM_9
5.74,0.0,2014,10,KHM,0.106941158019037,KHM_10
11.44,0.0,2014,11,KHM,0.345908740369117,KHM_11
3.68,0.0,2014,12,KHM,0.0268605361244613,KHM_12
8.48,0.0,2014,13,KHM,-0.0063435086531375,KHM_13
12.5,0.0,2014,14,KHM,0.308906856278203,KHM_14
4.87,0.0,2014,15,KHM,0.134524803199441,KHM_15
7.2,0.0,2014,16,KHM,0.0106944683127886,KHM_16
10.23,0.0,2014,18,KHM,0.672754642596573,KHM_18
6.66,0.0,2014,19,KHM,0.683843059097881,KHM_19
26.38,0.0,2007,1,LBR,0.0304221141295211,LBR_1
27.94,0.0833333333333333,2007,2,LBR,-0.187395391184316,LBR_2
37.47,0.0,2007,4,LBR,0.168685878398006,LBR_4
18.18,0.0833333333333333,2007,5,LBR,0.0649709904480344,LBR_5
33.24,0.0,2007,6,LBR,-0.060872885517235,LBR_6
28.1,0.0833333333333333,2006,1,MLI,-0.225505591634112,MLI_1
16.46,0.0,2006,2,MLI,-0.0922967628756968,MLI_2
25.91,0.0833333333333333,2006,3,MLI,-0.0637722664688165,MLI_3
17.1,0.0,2006,4,MLI,-0.155551802247483,MLI_4
11.06,0.0,2006,5,MLI,-0.151640712527946,MLI_5
4.31,0.0,2006,6,MLI,-0.0514472475620569,MLI_6
5.07,0.0,2006,7,MLI,0.171120627791754,MLI_7
13.73,0.0833333333333333,2006,9,MLI,0.107560374396245,MLI_9
19.01,0.0833333333333333,2012,1,MLI,0.235197392135598,MLI_1
21.16,0.0833333333333333,2012,2,MLI,0.0162019607394825,MLI_2
36.98,0.0,2012,3,MLI,0.128667284391437,MLI_3
21.1,0.0,2012,4,MLI,0.217608646331991,MLI_4
21.43,0.0833333333333333,2012,9,MLI,0.0026786445178014,MLI_9
22.53,0.166666666666667,2018,1,MLI,-0.320420086838446,MLI_1
23.59,0.166666666666667,2018,2,MLI,-0.17333004961421,MLI_2
17.01,0.0833333333333333,2018,3,MLI,0.0254411745549003,MLI_3
22.87,0.0,2018,4,MLI,-0.0326297226193996,MLI_4
12.17,0.0,2018,5,MLI,-0.0326939183644366,MLI_5
9.52,0.0,2018,6,MLI,-0.0855730032554005,MLI_6
17.79,0.0,2018,7,MLI,0.106080912836543,MLI_7
20.36,0.166666666666667,2018,9,MLI,-0.116233289594585,MLI_9
15.58,0.08333333,2011,1,MOZ,-0.07578295,MOZ_1
23.31,0.08333333,2011,2,MOZ,-0.07825322,MOZ_2
31.39,0.0,2011,3,MOZ,0.008569396,MOZ_3
24.12,0.0,2011,4,MOZ,-0.1300814,MOZ_4
21.51,0.08333333,2011,5,MOZ,-0.09161065,MOZ_5
28.8,0.0,2011,6,MOZ,-0.2317698,MOZ_6
21.48,0.0,2011,7,MOZ,-0.183896,MOZ_7
22.51,0.08333333,2011,8,MOZ,-0.07185054,MOZ_8
19.22,0.1666667,2011,9,MOZ,-0.11824,MOZ_9
17.53,0.08333333,2011,10,MOZ,-0.1165105,MOZ_10
15.78,0.08333333,2011,11,MOZ,-0.1492522,MOZ_11
14.63,0.1666667,2004,1,MWI,-0.01445652,MWI_1
17.34,0.08333333,2004,2,MWI,0.1536573,MWI_2
16.56,0.0,2004,3,MWI,0.3831623,MWI_3
17.95,0.25,2010,1,MWI,0.1054756,MWI_1
12.98,0.25,2010,2,MWI,0.1120328,MWI_2
14.45,0.1666667,2010,3,MWI,-0.2223606,MWI_3
19.66,0.08333333,2015,1,MWI,-0.726257,MWI_1
14.59,0.1666667,2015,2,MWI,-0.4086435,MWI_2
16.71,0.1666667,2015,3,MWI,-0.4687817,MWI_3
13.62,0.0,2013,1,NAM,0.08696213,NAM_1
13.31,0.3333333,2013,2,NAM,-0.4563577,NAM_2
14.51,0.0,2013,3,NAM,-0.4945652,NAM_3
17.83,0.08333333,2013,4,NAM,-0.218987,NAM_4
34.75,0.0,2013,5,NAM,0.008271633,NAM_5
13.38,0.1666667,2013,6,NAM,-0.6237583,NAM_6
12.35,0.5,2013,7,NAM,0.0253759,NAM_7
6.94,0.0,2013,8,NAM,-0.0008295185,NAM_8
22.85,0.1666667,2013,9,NAM,-0.3247688,NAM_9
5.38,0.0,2013,10,NAM,0.149837,NAM_10
10.85,0.08333333,2013,11,NAM,0.0008440897,NAM_11
11.48,0.0,2013,12,NAM,-0.09807674,NAM_12
15.72,0.1666667,2013,13,NAM,-0.2432153,NAM_13
19.99,0.0,2008,1,NGA,-0.2609603,NGA_1
14.6,0.0,2008,2,NGA,-0.1665594,NGA_2
6.42,0.0,2008,3,NGA,-0.2696624,NGA_3
15.63,0.0,2008,4,NGA,-0.1803446,NGA_4
23.85,0.0,2008,5,NGA,-0.06840548,NGA_5
15.13,0.0,2008,6,NGA,0.1471591,NGA_6
14.03,0.08333333,2013,1,NGA,-0.1005866,NGA_1
13.0,0.08333333,2013,2,NGA,0.6207292,NGA_2
3.31,0.08333333,2013,3,NGA,0.7566798,NGA_3
14.15,0.0,2013,4,NGA,-0.1576906,NGA_4
18.84,0.0,2013,5,NGA,-0.1455822,NGA_5
13.93,0.0,2013,6,NGA,0.007070772,NGA_6
19.92,0.08333333,2018,1,NGA,-0.05490964,NGA_1
19.39,0.0,2018,2,NGA,0.4296704,NGA_2
6.57,0.0,2018,3,NGA,0.2359598,NGA_3
16.67,0.08333333,2018,4,NGA,-0.256047,NGA_4
17.52,0.08333333,2018,5,NGA,-0.2399223,NGA_5
10.44,0.0,2018,6,NGA,0.05140388,NGA_6
12.4,0.0,2012,1,PAK,-0.139234,PAK_1
11.11,0.0,2012,2,PAK,-0.4017563,PAK_2
21.51,0.0,2012,3,PAK,0.07991684,PAK_3
5.93,0.0,2012,5,PAK,-0.08086924,PAK_5
8.07,0.08333333,2017,2,PAK,-0.1513047,PAK_2
20.62,0.3333333,2017,4,PAK,-0.4638747,PAK_4
31.08,0.0,2000,1,PER,0.490644,PER_1
25.8,0.0,2000,2,PER,-0.1433607,PER_2
38.78,0.0,2000,3,PER,-0.1251013,PER_3
30.16,0.0,2000,4,PER,0.1378349,PER_4
28.61,0.0,2000,5,PER,-0.2783499,PER_5
22.94,0.0,2000,6,PER,0.3203938,PER_6
40.86,0.0,2000,8,PER,-0.1401352,PER_8
21.67,0.0,2000,9,PER,-0.04232532,PER_9
28.0,0.0,2000,10,PER,0.005805764,PER_10
26.55,0.0,2000,11,PER,-0.004636306,PER_11
29.7,0.0,2000,12,PER,0.0256132,PER_12
19.26,0.0,2000,13,PER,-0.1415778,PER_13
22.42,0.0,2000,14,PER,0.7374808,PER_14
23.17,0.0,2000,15,PER,0.1516616,PER_15
38.72,0.0,2000,16,PER,0.2575689,PER_16
31.11,0.0,2000,17,PER,0.01378813,PER_17
26.41,0.0,2000,18,PER,-0.1384499,PER_18
31.58,0.0,2000,19,PER,0.1086432,PER_19
19.94,0.0,2000,20,PER,1.007714,PER_20
30.77,0.0,2000,21,PER,0.007935476,PER_21
36.47,0.0,2000,22,PER,-0.3144239,PER_22
31.18,0.0,2000,23,PER,-0.2604069,PER_23
28.21,0.0,2000,24,PER,0.7332967,PER_24
35.93,0.0,2000,25,PER,-0.1910425,PER_25
9.68,0.0,2004,1,PER,-0.485504,PER_1
8.46,0.0,2004,2,PER,-0.2628122,PER_2
16.53,0.0,2004,3,PER,-0.3808495,PER_3
10.86,0.0,2004,4,PER,-0.4968499,PER_4
12.78,0.0,2004,5,PER,-0.2789483,PER_5
6.65,0.0,2004,6,PER,0.1419227,PER_6
15.85,0.0,2004,8,PER,-0.2746116,PER_8
13.52,0.0,2004,9,PER,-0.6778089,PER_9
11.97,0.0,2004,10,PER,-0.3580795,PER_10
11.84,0.0,2004,12,PER,-0.4680029,PER_12
7.6,0.0,2004,13,PER,-0.2759934,PER_13
8.17,0.0,2004,14,PER,0.124053,PER_14
7.4,0.0,2004,15,PER,-0.8753293,PER_15
13.39,0.0,2004,16,PER,1.822265,PER_16
17.42,0.0,2004,17,PER,-0.1736882,PER_17
10.38,0.0,2004,18,PER,-0.5890428,PER_18
9.62,0.0,2004,20,PER,-0.2375037,PER_20
15.27,0.0,2004,21,PER,-0.3994101,PER_21
11.98,0.0,2004,22,PER,0.1740777,PER_22
9.87,0.0,2004,24,PER,-0.3147755,PER_24
13.89,0.0,2004,25,PER,0.09732936,PER_25
9.68,0.0,2007,1,PER,-0.485504,PER_1
8.46,0.0,2007,2,PER,-0.2628122,PER_2
16.53,0.0,2007,3,PER,-0.3808495,PER_3
10.86,0.0,2007,4,PER,-0.4968499,PER_4
12.78,0.0,2007,5,PER,-0.2789483,PER_5
6.65,0.0,2007,6,PER,0.1419227,PER_6
15.85,0.0,2007,8,PER,-0.2746116,PER_8
13.52,0.0,2007,9,PER,-0.6778089,PER_9
11.97,0.0,2007,10,PER,-0.3580795,PER_10
11.84,0.0,2007,12,PER,-0.4680029,PER_12
7.6,0.0,2007,13,PER,-0.2759934,PER_13
8.17,0.0,2007,14,PER,0.124053,PER_14
7.4,0.0,2007,15,PER,-0.8753293,PER_15
13.39,0.0,2007,16,PER,1.822265,PER_16
17.42,0.0,2007,17,PER,-0.1736882,PER_17
10.38,0.0,2007,18,PER,-0.5890428,PER_18
9.62,0.0,2007,20,PER,-0.2375037,PER_20
15.27,0.0,2007,21,PER,-0.3994101,PER_21
11.98,0.0,2007,22,PER,0.1740777,PER_22
9.87,0.0,2007,24,PER,-0.3147755,PER_24
13.89,0.0,2007,25,PER,0.09732936,PER_25
14.6,0.0,2009,1,PER,0.6550113,PER_1
10.83,0.0,2009,2,PER,0.3739811,PER_2
15.75,0.0,2009,3,PER,-0.5076045,PER_3
12.14,0.0,2009,4,PER,-0.3657429,PER_4
12.7,0.0,2009,5,PER,-0.4283661,PER_5
8.55,0.0,2009,6,PER,0.7247445,PER_6
14.59,0.0,2009,8,PER,-0.3982188,PER_8
10.29,0.0,2009,9,PER,-0.4318576,PER_9
8.04,0.0,2009,10,PER,-0.07963422,PER_10
11.02,0.0,2009,11,PER,-0.2904485,PER_11
14.05,0.0,2009,12,PER,-0.2999927,PER_12
4.27,0.0,2009,13,PER,0.5809008,PER_13
8.84,0.0,2009,14,PER,0.7663967,PER_14
8.29,0.0,2009,15,PER,-0.3667614,PER_15
13.14,0.0,2009,16,PER,0.06085969,PER_16
16.54,0.0,2009,17,PER,0.2304657,PER_17
14.93,0.0,2009,18,PER,-0.4178939,PER_18
11.17,0.0,2009,19,PER,-0.2568827,PER_19
7.1,0.0,2009,20,PER,0.613846,PER_20
11.65,0.0,2009,21,PER,-0.3736725,PER_21
14.35,0.0,2009,22,PER,0.1626733,PER_22
13.42,0.0,2009,23,PER,-0.4944853,PER_23
10.31,0.0,2009,24,PER,0.3704873,PER_24
12.2,0.0,2009,25,PER,-0.04745139,PER_25
10.21,0.0,2010,1,PER,0.2501121,PER_1
9.38,0.0,2010,2,PER,-0.4950183,PER_2
14.37,0.0,2010,3,PER,-0.5407308,PER_3
8.83,0.0,2010,4,PER,-0.6313385,PER_4
9.05,0.0,2010,5,PER,-0.2593453,PER_5
7.29,0.0,2010,6,PER,0.1071076,PER_6
17.38,0.0,2010,8,PER,-0.3668968,PER_8
8.85,0.0,2010,9,PER,0.03347689,PER_9
6.42,0.0,2010,10,PER,-0.5082553,PER_10
12.47,0.0,2010,11,PER,0.3216139,PER_11
11.58,0.0,2010,12,PER,0.03215287,PER_12
4.21,0.0,2010,13,PER,-0.3550552,PER_13
7.82,0.0,2010,14,PER,0.1527394,PER_14
8.3,0.0,2010,15,PER,-0.07560865,PER_15
13.04,0.1666667,2010,16,PER,-0.561678,PER_16
14.16,0.0,2010,17,PER,0.4508265,PER_17
11.34,0.0,2010,18,PER,-0.6902122,PER_18
12.98,0.0,2010,19,PER,-0.3185401,PER_19
9.72,0.0,2010,20,PER,0.4161015,PER_20
11.14,0.0,2010,21,PER,-0.4465487,PER_21
10.83,0.0,2010,22,PER,-0.5164113,PER_22
9.74,0.0,2010,23,PER,-0.681061,PER_23
12.41,0.0,2010,24,PER,0.4889648,PER_24
10.93,0.0,2010,25,PER,-0.482156,PER_25
8.86,0.0,2011,1,PER,0.1777078,PER_1
8.19,0.0,2011,2,PER,-0.2285135,PER_2
13.2,0.0,2011,3,PER,-0.1224936,PER_3
7.47,0.0,2011,4,PER,-0.2304649,PER_4
11.24,0.0,2011,5,PER,-0.04281843,PER_5
6.17,0.0,2011,6,PER,0.1710095,PER_6
16.2,0.0,2011,8,PER,0.1214057,PER_8
6.86,0.0,2011,9,PER,-0.1073926,PER_9
7.54,0.0,2011,10,PER,-0.03696456,PER_10
11.98,0.0,2011,11,PER,-0.01856125,PER_11
14.4,0.0,2011,12,PER,-0.0197157,PER_12
4.4,0.0,2011,13,PER,-0.01465513,PER_13
5.85,0.0,2011,14,PER,0.1665052,PER_14
8.4,0.0,2011,15,PER,-0.2906089,PER_15
14.55,0.0,2011,16,PER,-1.018319,PER_16
13.91,0.0,2011,17,PER,0.2115257,PER_17
9.84,0.0,2011,18,PER,-0.2308451,PER_18
10.42,0.0,2011,19,PER,-0.1393875,PER_19
10.48,0.0,2011,20,PER,0.2236343,PER_20
12.59,0.0,2011,21,PER,-0.03327346,PER_21
9.38,0.0,2011,22,PER,-0.04591045,PER_22
9.85,0.0,2011,23,PER,-0.229142,PER_23
11.3,0.0,2011,24,PER,0.1292985,PER_24
7.88,0.0,2011,25,PER,-0.08243923,PER_25
11.27,0.0,2012,1,PER,0.7153535,PER_1
8.24,0.0,2012,2,PER,-0.4917676,PER_2
15.76,0.0,2012,3,PER,-0.1959353,PER_3
6.96,0.0,2012,4,PER,-0.1631293,PER_4
11.84,0.0,2012,5,PER,-0.4109784,PER_5
8.22,0.0,2012,6,PER,0.3720492,PER_6
16.57,0.0,2012,8,PER,-0.1578844,PER_8
8.35,0.0,2012,9,PER,-0.6696374,PER_9
6.86,0.0,2012,10,PER,-0.1086854,PER_10
11.6,0.0,2012,11,PER,-0.5522783,PER_11
9.32,0.0,2012,12,PER,-0.4876887,PER_12
3.13,0.0,2012,13,PER,-0.2174958,PER_13
7.35,0.0,2012,14,PER,0.4310743,PER_14
8.14,0.0,2012,15,PER,-0.8125939,PER_15
12.26,0.0,2012,16,PER,-0.4018864,PER_16
14.78,0.0,2012,17,PER,-0.3263272,PER_17
8.83,0.0,2012,18,PER,0.110904,PER_18
7.85,0.0,2012,19,PER,-0.3414331,PER_19
8.33,0.0,2012,20,PER,0.7950945,PER_20
11.71,0.0,2012,21,PER,0.05969516,PER_21
11.57,0.0,2012,22,PER,0.1707432,PER_22
9.88,0.0,2012,23,PER,0.007301332,PER_23
10.87,0.0,2012,24,PER,0.7530677,PER_24
8.26,0.0,2012,25,PER,0.2018486,PER_25
5.54,0.0,2008,1,PHL,0.5222531,PHL_1
5.19,0.0,2008,2,PHL,0.6571514,PHL_2
4.98,0.0,2008,3,PHL,0.6500344,PHL_3
7.42,0.0,2008,4,PHL,0.7778867,PHL_4
4.55,0.0,2008,5,PHL,1.110951,PHL_5
5.15,0.0,2008,6,PHL,0.7758854,PHL_6
12.2,0.0,2008,7,PHL,0.3836307,PHL_7
6.24,0.0,2008,8,PHL,1.131355,PHL_8
6.62,0.0,2008,9,PHL,1.219911,PHL_9
10.27,0.0,2008,10,PHL,1.196724,PHL_10
9.16,0.0,2008,11,PHL,1.22546,PHL_11
10.45,0.0,2008,12,PHL,0.9414344,PHL_12
10.58,0.0,2008,13,PHL,1.030049,PHL_13
10.28,0.0,2008,14,PHL,0.7827767,PHL_14
7.23,0.0,2008,15,PHL,0.667917,PHL_15
10.57,0.0,2008,16,PHL,0.882116,PHL_16
8.08,0.0,2008,17,PHL,1.09575,PHL_17
5.84,0.08333333,2013,1,PHL,-0.02874963,PHL_1
10.04,0.0,2013,2,PHL,-0.07134721,PHL_2
4.33,0.0,2013,3,PHL,-0.03464137,PHL_3
4.21,0.1666667,2013,4,PHL,-0.06820927,PHL_4
7.7,0.1666667,2013,5,PHL,0.2807076,PHL_5
3.94,0.1666667,2013,6,PHL,-0.07923322,PHL_6
6.84,0.08333333,2013,7,PHL,-0.01895408,PHL_7
9.59,0.08333333,2013,8,PHL,0.3693819,PHL_8
5.7,0.0,2013,9,PHL,0.5513279,PHL_9
7.36,0.0,2013,10,PHL,0.6456083,PHL_10
5.84,0.0,2013,11,PHL,0.7888294,PHL_11
8.14,0.0,2013,12,PHL,0.4334789,PHL_12
6.94,0.0,2013,13,PHL,0.6535558,PHL_13
5.32,0.0,2013,14,PHL,0.4360997,PHL_14
4.34,0.08333333,2013,15,PHL,-0.02493287,PHL_15
7.44,0.0,2013,16,PHL,0.5627573,PHL_16
2.67,0.0,2013,17,PHL,0.5920661,PHL_17
3.42,0.3333333,2017,1,PHL,0.4051411,PHL_1
7.34,0.3333333,2017,2,PHL,0.5676164,PHL_2
2.82,0.08333333,2017,3,PHL,0.5154501,PHL_3
2.04,0.0,2017,4,PHL,0.471498,PHL_4
9.49,0.0,2017,5,PHL,0.6591221,PHL_5
3.29,0.0,2017,6,PHL,0.4638758,PHL_6
5.02,0.0,2017,7,PHL,0.2365542,PHL_7
6.99,0.0,2017,8,PHL,0.8264966,PHL_8
5.62,0.0,2017,9,PHL,0.7495787,PHL_9
4.23,0.0,2017,10,PHL,1.081102,PHL_10
7.29,0.0,2017,11,PHL,0.9532179,PHL_11
4.46,0.0,2017,12,PHL,0.8864069,PHL_12
3.52,0.0,2017,13,PHL,1.023499,PHL_13
6.12,0.0,2017,14,PHL,0.932213,PHL_14
4.45,0.3333333,2017,15,PHL,0.4751783,PHL_15
13.92,0.0,2017,16,PHL,1.13104,PHL_16
1.6,0.0,2017,17,PHL,0.9856797,PHL_17
15.41,0.08333333,2010,1,RWA,0.02382787,RWA_1
28.17,0.08333333,2010,2,RWA,0.3865815,RWA_2
28.09,0.25,2010,3,RWA,0.5136014,RWA_3
23.63,0.08333333,2010,4,RWA,0.5124365,RWA_4
30.49,0.08333333,2010,5,RWA,0.4386702,RWA_5
11.23,0.0,2015,1,RWA,0.01360567,RWA_1
12.12,0.08333333,2015,3,RWA,0.112445,RWA_3
13.92,0.0,2015,5,RWA,-0.06343119,RWA_5
7.84,0.08333333,2017,1,SEN,-0.2301065,SEN_1
7.84,0.3333333,2017,2,SEN,-0.3611253,SEN_2
12.05,0.25,2017,3,SEN,-0.054158,SEN_3
12.57,0.5,2017,4,SEN,-0.2799949,SEN_4
5.9,0.1666667,2018,1,SEN,-0.5813082,SEN_1
4.47,0.1666667,2018,2,SEN,-0.673048,SEN_2
7.04,0.25,2018,3,SEN,-0.6846478,SEN_3
4.1,0.1666667,2018,4,SEN,-0.5831385,SEN_4
6.3,0.0,2019,1,SEN,-0.1292041,SEN_1
3.35,0.08333333,2019,2,SEN,-0.07426874,SEN_2
5.24,0.1666667,2019,3,SEN,-0.09601607,SEN_3
7.44,0.1666667,2019,4,SEN,-0.1250688,SEN_4
29.63,0.0,2013,1,SLE,-0.1649261,SLE_1
26.35,0.08333333,2013,2,SLE,-0.1569547,SLE_2
23.38,0.0,2013,3,SLE,-0.1442202,SLE_3
28.92,0.08333333,2013,4,SLE,-0.1103534,SLE_4
38.27,0.08333333,2019,1,SLE,-0.253078,SLE_1
45.1,0.08333333,2019,2,SLE,-0.2530368,SLE_2
37.84,0.0,2019,3,SLE,-0.24892,SLE_3
47.44,0.0,2019,4,SLE,-0.1103534,SLE_4
8.4,0.0,2013,1,TGO,0.1186773,TGO_1
7.1,0.08333333,2013,2,TGO,0.152544,TGO_2
9.16,0.0,2013,3,TGO,0.05199678,TGO_3
16.45,0.0,2013,4,TGO,-0.01363561,TGO_4
13.28,0.0,2013,5,TGO,0.05084754,TGO_5
15.3,0.0,2013,6,TGO,-0.1680026,TGO_6
9.05,0.0,2012,1,TJK,0.5313611,TJK_1
10.0,0.0,2012,2,TJK,0.01053391,TJK_2
17.17,0.1666667,2012,3,TJK,0.2108129,TJK_3
11.19,0.08333333,2012,4,TJK,0.206241,TJK_4
11.78,0.0,2012,5,TJK,0.2650578,TJK_5
6.94,0.0,2017,1,TJK,0.2501149,TJK_1
16.34,0.0,2017,2,TJK,0.535828,TJK_2
9.85,0.0,2017,3,TJK,0.2634617,TJK_3
14.07,0.0,2017,4,TJK,0.3918159,TJK_4
27.75,0.0,2017,5,TJK,0.2882072,TJK_5
21.18,0.0,2009,1,TLS,-0.1128201,TLS_1
7.62,0.0,2009,2,TLS,-0.1248578,TLS_2
34.51,0.0,2009,3,TLS,-0.0746484,TLS_3
14.08,0.0,2009,4,TLS,-0.1349663,TLS_4
57.37,0.0,2009,5,TLS,-0.1364741,TLS_5
32.81,0.0,2009,6,TLS,-0.1128201,TLS_6
17.39,0.0,2009,7,TLS,-0.1287002,TLS_7
42.28,0.0,2009,8,TLS,-0.1206547,TLS_8
25.67,0.0,2009,9,TLS,-0.05198792,TLS_9
10.59,0.0,2009,10,TLS,-0.1023175,TLS_10
64.96,0.0,2009,11,TLS,-0.1023175,TLS_11
43.85,0.0,2009,12,TLS,-0.1563531,TLS_12
20.44,0.0,2009,13,TLS,-0.08834331,TLS_13
23.98,0.1666667,2016,1,TLS,-0.0434864,TLS_1
33.25,0.1666667,2016,2,TLS,-0.04866658,TLS_2
20.11,0.1666667,2016,3,TLS,-0.0281157,TLS_3
30.43,0.1666667,2016,4,TLS,-0.05168852,TLS_4
43.59,0.1666667,2016,5,TLS,-0.05099411,TLS_5
16.46,0.1666667,2016,6,TLS,-0.0434864,TLS_6
44.09,0.1666667,2016,7,TLS,-0.04870553,TLS_7
29.96,0.1666667,2016,8,TLS,-0.04654139,TLS_8
46.91,0.1666667,2016,9,TLS,-0.01771357,TLS_9
22.82,0.1666667,2016,10,TLS,-0.03982003,TLS_10
26.77,0.1666667,2016,11,TLS,-0.03982003,TLS_11
34.35,0.08333333,2016,12,TLS,-0.102917,TLS_12
27.2,0.1666667,2016,13,TLS,-0.03423263,TLS_13
49.63,0.0,2010,1,TZA,-0.1898834,TZA_1
25.58,0.0,2010,2,TZA,-0.2332682,TZA_2
13.1,0.08333333,2010,3,TZA,-0.06875211,TZA_3
12.08,0.0,2010,4,TZA,-0.475346,TZA_4
48.33,0.08333333,2010,5,TZA,-0.5408738,TZA_5
26.88,0.08333333,2010,6,TZA,-0.4203157,TZA_6
23.7,0.1666667,2010,7,TZA,-0.6039968,TZA_7
23.54,0.25,2010,8,TZA,-0.5563868,TZA_8
25.12,0.1666667,2010,9,TZA,-0.08740569,TZA_9
36.29,0.25,2010,10,TZA,-0.3893369,TZA_10
33.86,0.08333333,2010,11,TZA,-0.3742869,TZA_11
46.23,0.1666667,2010,12,TZA,-0.2920627,TZA_12
45.55,0.0,2010,13,TZA,-0.0678791,TZA_13
36.21,0.08333333,2010,14,TZA,-0.07894931,TZA_14
44.01,0.25,2010,15,TZA,-0.2691724,TZA_15
32.37,0.08333333,2010,16,TZA,0.00451835,TZA_16
33.84,0.08333333,2010,19,TZA,0.2980585,TZA_19
57.46,0.08333333,2010,20,TZA,0.1770414,TZA_20
7.6,0.08333333,2010,51,TZA,-0.573987,TZA_51
15.24,0.08333333,2010,52,TZA,-0.573987,TZA_52
10.24,0.08333333,2010,53,TZA,-0.4788435,TZA_53
21.93,0.0,2015,1,TZA,-0.2127228,TZA_1
23.08,0.0,2015,2,TZA,-0.03088883,TZA_2
13.53,0.0,2015,3,TZA,-0.01162418,TZA_3
10.17,0.0,2015,4,TZA,-0.1152699,TZA_4
14.32,0.1666667,2015,5,TZA,-0.4067987,TZA_5
13.87,0.08333333,2015,7,TZA,-0.3340656,TZA_7
14.5,0.3333333,2015,9,TZA,-0.324585,TZA_9
21.96,0.1666667,2015,11,TZA,-0.6044342,TZA_11
30.57,0.08333333,2015,12,TZA,-0.1289567,TZA_12
27.43,0.08333333,2015,15,TZA,-0.00214995,TZA_15
25.61,0.1666667,2015,16,TZA,-0.08895984,TZA_16
28.63,0.0,2015,19,TZA,0.1842111,TZA_19
42.57,0.0,2015,20,TZA,-0.1015352,TZA_20
3.8,0.0,2015,51,TZA,-0.3060474,TZA_51
5.27,0.0,2015,52,TZA,-0.1519482,TZA_52
4.24,0.0,2015,53,TZA,-0.2604439,TZA_53
26.17,0.1666667,2006,1,UGA,-0.1492273,UGA_1
42.46,0.08333333,2006,2,UGA,-0.384705,UGA_2
36.3,0.25,2006,3,UGA,-0.3250981,UGA_3
34.37,0.3333333,2006,4,UGA,-0.09971955,UGA_4
21.24,0.0,2011,1,UGA,0.1160227,UGA_1
29.25,0.0,2011,2,UGA,-0.1392273,UGA_2
33.28,0.5,2011,3,UGA,0.01252018,UGA_3
28.45,0.4166667,2011,4,UGA,0.05995776,UGA_4
16.57,0.0,2016,1,UGA,0.9412286,UGA_1
24.01,0.0,2016,2,UGA,0.5776765,UGA_2
25.93,0.0,2016,3,UGA,0.05154749,UGA_3
23.08,0.0,2016,4,UGA,0.2407891,UGA_4
10.24,0.3333333,2016,1,ZAF,-0.3560709,ZAF_1
9.84,0.25,2016,4,ZAF,-0.3133173,ZAF_4
9.71,0.4166667,2016,5,ZAF,-0.2716475,ZAF_5
7.24,0.5,2016,7,ZAF,-0.2602606,ZAF_7
24.53,0.0,2007,1,ZMB,0.1485016,ZMB_1
43.65,0.0,2007,2,ZMB,0.2290492,ZMB_2
25.62,0.0,2007,3,ZMB,0.149609,ZMB_3
46.36,0.0,2007,4,ZMB,0.239224,ZMB_4
32.68,0.0,2007,5,ZMB,-0.1425979,ZMB_5
32.62,0.0,2007,7,ZMB,0.2427465,ZMB_7
31.13,0.0,2007,8,ZMB,-0.09384518,ZMB_8
27.43,0.0,2007,9,ZMB,0.1470741,ZMB_9
17.25,0.0,2013,1,ZMB,0.1960055,ZMB_1
19.55,0.0,2013,2,ZMB,0.01687118,ZMB_2
18.16,0.0,2013,3,ZMB,-0.03625124,ZMB_3
24.33,0.0,2013,4,ZMB,0.1052076,ZMB_4
16.83,0.0,2013,5,ZMB,0.007442875,ZMB_5
14.39,0.0,2013,7,ZMB,0.1068105,ZMB_7
18.42,0.0,2013,8,ZMB,0.1135902,ZMB_8
16.79,0.0,2013,9,ZMB,0.140875,ZMB_9
11.44,0.0,2018,1,ZMB,0.738275,ZMB_1
20.86,0.0,2018,2,ZMB,0.819517,ZMB_2
19.59,0.08333333,2018,3,ZMB,0.3225574,ZMB_3
19.64,0.0,2018,4,ZMB,0.5343072,ZMB_4
14.01,0.08333333,2018,5,ZMB,0.5761406,ZMB_5
8.33,0.0,2018,7,ZMB,0.4132315,ZMB_7
24.32,0.0,2018,8,ZMB,0.02943471,ZMB_8
14.41,0.0,2018,9,ZMB,0.09005215,ZMB_9
14.79,0.4166667,2005,1,ZWE,-0.5808891,ZWE_1
20.69,0.3333333,2005,2,ZWE,-0.2819456,ZWE_2
25.36,0.4166667,2005,3,ZWE,-0.3796416,ZWE_3
19.94,0.4166667,2005,4,ZWE,-0.361878,ZWE_4
11.2,0.3333333,2005,5,ZWE,-0.3874661,ZWE_5
11.74,0.3333333,2005,6,ZWE,-0.5648508,ZWE_6
23.68,0.4166667,2005,7,ZWE,-0.4347378,ZWE_7
15.62,0.3333333,2005,8,ZWE,-0.5969402,ZWE_8
13.84,0.4166667,2005,9,ZWE,-0.3799808,ZWE_9
7.81,0.3333333,2005,10,ZWE,-0.5183343,ZWE_10
21.41,0.08333333,2010,1,ZWE,-0.03167921,ZWE_1
18.07,0.1666667,2010,3,ZWE,-0.1304178,ZWE_3
19.8,0.25,2010,4,ZWE,-0.02383252,ZWE_4
13.07,0.08333333,2010,6,ZWE,0.05596502,ZWE_6
15.7,0.08333333,2010,7,ZWE,0.01705336,ZWE_7
20.17,0.0,2010,8,ZWE,0.04427582,ZWE_8
21.06,0.1666667,2010,9,ZWE,-0.1285272,ZWE_9
16.8,0.08333333,2015,1,ZWE,-0.5171648,ZWE_1
14.99,0.08333333,2015,2,ZWE,-0.4946442,ZWE_2
16.37,0.08333333,2015,3,ZWE,-0.4233947,ZWE_3
13.03,0.08333333,2015,4,ZWE,-0.4150827,ZWE_4
11.03,0.08333333,2015,5,ZWE,-0.2866362,ZWE_5
10.7,0.08333333,2015,6,ZWE,-0.2204304,ZWE_6
14.72,0.08333333,2015,7,ZWE,-0.3576299,ZWE_7
14.01,0.08333333,2015,8,ZWE,-0.3190697,ZWE_8
15.1,0.08333333,2015,9,ZWE,-0.4119438,ZWE_9
12.23,0.08333333,2015,10,ZWE,-0.2463948,ZWE_10
